id,name,model_id:id,group_id:id,perm_read,perm_write,perm_create,perm_unlink
access_chjs_region_spv_admin_drv,chjs.region Spv Admin Drv,chjs_region.model_chjs_region,universal.group_universal_spv_admin_drv,1,0,0,0
access_hr_employee_health_spv_admin_drv,hr.employee.health Spv Admin Drv,hr_employee_health.model_hr_employee_health,universal.group_universal_spv_admin_drv,1,0,0,0
access_hr_holidays_status_spv_admin_drv,hr.holidays.status Spv Admin Drv,hr_holidays.model_hr_holidays_status,universal.group_universal_spv_admin_drv,1,0,0,0
access_res_partner_spv_admin_drv,res.partner Spv Admin Drv,base.model_res_partner,universal.group_universal_spv_admin_drv,1,0,0,0
access_hr_overtime_spv_admin_drv,hr.overtime Spv Admin Drv,hr_overtime.model_hr_overtime,universal.group_universal_spv_admin_drv,1,0,0,0
access_hr_payslip_worked_days_spv_admin_drv,hr.payslip.worked_days Spv Admin Drv,hr_payroll.model_hr_payslip_worked_days,universal.group_universal_spv_admin_drv,1,1,1,1
access_hr_action_reason_spv_admin_drv,hr.action.reason Spv Admin Drv,hr_attendance.model_hr_action_reason,universal.group_universal_spv_admin_drv,1,0,0,0
access_resource_calendar_spv_admin_drv,resource.calendar Spv Admin Drv,resource.model_resource_calendar,universal.group_universal_spv_admin_drv,1,0,0,0
access_hr_warning_letter_spv_admin_drv,hr.warning.letter Spv Admin Drv,hr_termination.model_hr_warning_letter,universal.group_universal_spv_admin_drv,1,0,0,0
access_hr_attendance_spv_admin_drv,hr.attendance Spv Admin Drv,hr_attendance.model_hr_attendance,universal.group_universal_spv_admin_drv,1,1,1,0
access_res_country_spv_admin_drv,res.country Spv Admin Drv,base.model_res_country,universal.group_universal_spv_admin_drv,1,0,0,0
access_res_users_spv_admin_drv,res.users Spv Admin Drv,base.model_res_users,universal.group_universal_spv_admin_drv,1,0,0,0
access_hr_payslip_line_spv_admin_drv,hr.payslip.line Spv Admin Drv,hr_payroll.model_hr_payslip_line,universal.group_universal_spv_admin_drv,1,1,1,1
access_hr_employee_absence_spv_admin_drv,hr.employee.absence Spv Admin Drv,universal.model_hr_employee_absence,universal.group_universal_spv_admin_drv,1,1,1,0
access_hr_payslip_run_spv_admin_drv,hr.payslip.run Spv Admin Drv,hr_payroll.model_hr_payslip_run,universal.group_universal_spv_admin_drv,1,1,1,0
access_resource_resource_spv_admin_drv,resource.resource Spv Admin Drv,resource.model_resource_resource,universal.group_universal_spv_admin_drv,1,0,0,0
access_hr_job_spv_admin_drv,hr.job Spv Admin Drv,hr.model_hr_job,universal.group_universal_spv_admin_drv,1,0,0,0
access_hr_employee_family_spv_admin_drv,hr.employee.family Spv Admin Drv,hr_employee_family.model_hr_employee_family,universal.group_universal_spv_admin_drv,1,0,0,0
access_hr_employee_spv_admin_drv,hr.employee Spv Admin Drv,hr.model_hr_employee,universal.group_universal_spv_admin_drv,1,0,0,0
access_hr_payslip_input_spv_admin_drv,hr.payslip.input Spv Admin Drv,hr_payroll.model_hr_payslip_input,universal.group_universal_spv_admin_drv,1,1,1,1
access_hr_department_spv_admin_drv,hr.department Spv Admin Drv,hr.model_hr_department,universal.group_universal_spv_admin_drv,1,0,0,0
access_universal_verbal_warning_spv_admin_drv,universal.verbal.warning Spv Admin Drv,universal.model_universal_verbal_warning,universal.group_universal_spv_admin_drv,1,0,0,0
access_hr_payslip_spv_admin_drv,hr.payslip Spv Admin Drv,hr_payroll.model_hr_payslip,universal.group_universal_spv_admin_drv,1,1,1,1
access_hr_customer_contract_spv_admin_drv,hr.customer.contract Spv Admin Drv,universal.model_hr_customer_contract,universal.group_universal_spv_admin_drv,1,0,0,0
access_res_company_spv_admin_drv,res.company Spv Admin Drv,base.model_res_company,universal.group_universal_spv_admin_drv,1,0,0,0
access_hr_contract_type_spv_admin_drv,hr.contract.type Spv Admin Drv,hr_contract.model_hr_contract_type,universal.group_universal_spv_admin_drv,1,0,0,0
access_res_partner_bank_spv_admin_drv,res.partner.bank Spv Admin Drv,base.model_res_partner_bank,universal.group_universal_spv_admin_drv,1,0,0,0
access_hr_absence_reason_spv_admin_drv,hr.absence.reason Spv Admin Drv,universal.model_hr_absence_reason,universal.group_universal_spv_admin_drv,1,0,0,0
access_hr_contract_spv_admin_drv,hr.contract Spv Admin Drv,hr_contract.model_hr_contract,universal.group_universal_spv_admin_drv,1,0,0,0
access_hr_payroll_structure_spv_admin_drv,hr.payroll.structure Spv Admin Drv,hr_payroll.model_hr_payroll_structure,universal.group_universal_spv_admin_drv,1,0,0,0
access_hr_employee_termination_log_spv_admin_drv,hr.employee.termination.log Spv Admin Drv,hr_termination.model_hr_employee_termination_log,universal.group_universal_spv_admin_drv,1,0,0,0
access_hr_job_launcher,hr.job Launcher,hr.model_hr_job,universal.group_universal_launcher,1,1,1,0
access_survey_user_input_spv_hrd_staff,survey.user_input Spv Hrd Staff,survey.model_survey_user_input,universal.group_universal_spv_hrd_staff,1,0,1,0
access_hr_employee_health_spv_hrd_staff,hr.employee.health Spv Hrd Staff,hr_employee_health.model_hr_employee_health,universal.group_universal_spv_hrd_staff,1,1,1,1
access_hr_holidays_status_spv_hrd_staff,hr.holidays.status Spv Hrd Staff,hr_holidays.model_hr_holidays_status,universal.group_universal_spv_hrd_staff,1,0,0,0
access_hr_recruitment_requirement_test_spv_hrd_staff,hr.recruitment.requirement.test Spv Hrd Staff,hr_recruitment_requirement.model_hr_recruitment_requirement_test,universal.group_universal_spv_hrd_staff,1,1,1,1
access_chjs_region_spv_hrd_staff,chjs.region Spv Hrd Staff,chjs_region.model_chjs_region,universal.group_universal_spv_hrd_staff,1,1,1,0
access_hr_overtime_spv_hrd_staff,hr.overtime Spv Hrd Staff,hr_overtime.model_hr_overtime,universal.group_universal_spv_hrd_staff,1,1,1,0
access_hr_applicant_document_spv_hrd_staff,hr.applicant.document Spv Hrd Staff,hr_recruitment_requirement.model_hr_applicant_document,universal.group_universal_spv_hrd_staff,1,1,1,1
access_hr_recruitment_requirement_document_spv_hrd_staff,hr.recruitment.requirement.document Spv Hrd Staff,hr_recruitment_requirement.model_hr_recruitment_requirement_document,universal.group_universal_spv_hrd_staff,1,1,1,1
access_resource_calendar_spv_hrd_staff,resource.calendar Spv Hrd Staff,resource.model_resource_calendar,universal.group_universal_spv_hrd_staff,1,1,1,0
access_hr_recruitment_source_spv_hrd_staff,hr.recruitment.source Spv Hrd Staff,hr_recruitment.model_hr_recruitment_source,universal.group_universal_spv_hrd_staff,1,1,1,0
access_res_country_spv_hrd_staff,res.country Spv Hrd Staff,base.model_res_country,universal.group_universal_spv_hrd_staff,1,0,0,0
access_mail_thread_spv_hrd_staff,mail.thread Spv Hrd Staff,mail.model_mail_thread,universal.group_universal_spv_hrd_staff,0,0,1,1
access_mail_compose_message_spv_hrd_staff,mail.compose.message Spv Hrd Staff,mail.model_mail_compose_message,universal.group_universal_spv_hrd_staff,0,0,0,0
access_hr_warning_type_spv_hrd_staff,hr.warning.type Spv Hrd Staff,hr_termination.model_hr_warning_type,universal.group_universal_spv_hrd_staff,1,0,0,0
access_hr_applicant_spv_hrd_staff,hr.applicant Spv Hrd Staff,hr_recruitment.model_hr_applicant,universal.group_universal_spv_hrd_staff,1,1,1,0
access_res_partner_spv_hrd_staff,res.partner Spv Hrd Staff,base.model_res_partner,universal.group_universal_spv_hrd_staff,1,0,0,0
access_hr_recruitment_requirement_spv_hrd_staff,hr.recruitment.requirement Spv Hrd Staff,hr_recruitment_requirement.model_hr_recruitment_requirement,universal.group_universal_spv_hrd_staff,1,1,1,0
access_hr_applicant_test_spv_hrd_staff,hr.applicant.test Spv Hrd Staff,hr_recruitment_requirement.model_hr_applicant_test,universal.group_universal_spv_hrd_staff,1,1,1,0
access_resource_calendar_leaves_spv_hrd_staff,resource.calendar.leaves Spv Hrd Staff,resource.model_resource_calendar_leaves,universal.group_universal_spv_hrd_staff,1,1,1,1
access_hr_employee_spv_hrd_staff,hr.employee Spv Hrd Staff,hr.model_hr_employee,universal.group_universal_spv_hrd_staff,1,1,1,1
access_product_supplierinfo_spv_hrd_staff,product.supplierinfo Spv Hrd Staff,product.model_product_supplierinfo,universal.group_universal_spv_hrd_staff,1,1,1,1
access_hr_recruitment_period_spv_hrd_staff,hr.recruitment.period Spv Hrd Staff,hr_recruitment_period.model_hr_recruitment_period,universal.group_universal_spv_hrd_staff,1,1,1,0
access_hr_payslip_spv_hrd_staff,hr.payslip Spv Hrd Staff,hr_payroll.model_hr_payslip,universal.group_universal_spv_hrd_staff,1,1,1,1
access_ir_attachment_spv_hrd_staff,ir.attachment Spv Hrd Staff,base.model_ir_attachment,universal.group_universal_spv_hrd_staff,1,1,1,1
access_calendar_event_spv_hrd_staff,calendar.event Spv Hrd Staff,calendar.model_calendar_event,universal.group_universal_spv_hrd_staff,1,0,0,0
access_hr_customer_contract_spv_hrd_staff,hr.customer.contract Spv Hrd Staff,universal.model_hr_customer_contract,universal.group_universal_spv_hrd_staff,1,0,0,0
access_product_attribute_line_spv_hrd_staff,product.attribute.line Spv Hrd Staff,product.model_product_attribute_line,universal.group_universal_spv_hrd_staff,1,1,1,1
access_product_product_spv_hrd_staff,product.product Spv Hrd Staff,product.model_product_product,universal.group_universal_spv_hrd_staff,1,1,1,0
access_hr_employee_category_spv_hrd_staff,hr.employee.category Spv Hrd Staff,hr.model_hr_employee_category,universal.group_universal_spv_hrd_staff,1,1,1,0
access_hr_recruitment_degree_spv_hrd_staff,hr.recruitment.degree Spv Hrd Staff,hr_recruitment.model_hr_recruitment_degree,universal.group_universal_spv_hrd_staff,1,1,1,0
access_resource_calendar_attendance_spv_hrd_staff,resource.calendar.attendance Spv Hrd Staff,resource.model_resource_calendar_attendance,universal.group_universal_spv_hrd_staff,1,1,1,1
access_product_packaging_spv_hrd_staff,product.packaging Spv Hrd Staff,product.model_product_packaging,universal.group_universal_spv_hrd_staff,1,1,1,1
access_res_users_spv_hrd_staff,res.users Spv Hrd Staff,base.model_res_users,universal.group_universal_spv_hrd_staff,1,0,0,0
access_document_approval_log_spv_hrd_staff,document.approval.log Spv Hrd Staff,document_approval.model_document_approval_log,universal.group_universal_spv_hrd_staff,1,1,1,1
access_mail_alias_spv_hrd_staff,mail.alias Spv Hrd Staff,mail.model_mail_alias,universal.group_universal_spv_hrd_staff,1,1,0,0
access_product_pricelist_spv_hrd_staff,product.pricelist Spv Hrd Staff,product.model_product_pricelist,universal.group_universal_spv_hrd_staff,1,0,0,0
access_product_price_history_spv_hrd_staff,product.price.history Spv Hrd Staff,product.model_product_price_history,universal.group_universal_spv_hrd_staff,0,0,1,0
access_universal_special_permit_spv_hrd_staff,universal.special.permit Spv Hrd Staff,universal.model_universal_special_permit,universal.group_universal_spv_hrd_staff,1,1,1,0
access_hr_attendance_spv_hrd_staff,hr.attendance Spv Hrd Staff,hr_attendance.model_hr_attendance,universal.group_universal_spv_hrd_staff,0,0,0,1
access_survey_survey_spv_hrd_staff,survey.survey Spv Hrd Staff,survey.model_survey_survey,universal.group_universal_spv_hrd_staff,1,0,0,0
access_product_template_spv_hrd_staff,product.template Spv Hrd Staff,product.model_product_template,universal.group_universal_spv_hrd_staff,1,0,0,0
access_product_uom_spv_hrd_staff,product.uom Spv Hrd Staff,product.model_product_uom,universal.group_universal_spv_hrd_staff,1,0,0,0
access_resource_resource_spv_hrd_staff,resource.resource Spv Hrd Staff,resource.model_resource_resource,universal.group_universal_spv_hrd_staff,1,1,1,1
access_hr_job_spv_hrd_staff,hr.job Spv Hrd Staff,hr.model_hr_job,universal.group_universal_spv_hrd_staff,1,1,1,0
access_hr_employee_family_spv_hrd_staff,hr.employee.family Spv Hrd Staff,hr_employee_family.model_hr_employee_family,universal.group_universal_spv_hrd_staff,1,1,1,1
access_ir_model_spv_hrd_staff,ir.model Spv Hrd Staff,base.model_ir_model,universal.group_universal_spv_hrd_staff,1,0,0,0
access_hr_employee_termination_log_spv_hrd_staff,hr.employee.termination.log Spv Hrd Staff,hr_termination.model_hr_employee_termination_log,universal.group_universal_spv_hrd_staff,1,1,1,1
access_hr_department_spv_hrd_staff,hr.department Spv Hrd Staff,hr.model_hr_department,universal.group_universal_spv_hrd_staff,1,1,1,0
access_universal_verbal_warning_spv_hrd_staff,universal.verbal.warning Spv Hrd Staff,universal.model_universal_verbal_warning,universal.group_universal_spv_hrd_staff,1,1,1,1
access_hr_contract_type_spv_hrd_staff,hr.contract.type Spv Hrd Staff,hr_contract.model_hr_contract_type,universal.group_universal_spv_hrd_staff,1,1,1,0
access_hr_payroll_structure_spv_hrd_staff,hr.payroll.structure Spv Hrd Staff,hr_payroll.model_hr_payroll_structure,universal.group_universal_spv_hrd_staff,1,0,0,0
access_res_company_spv_hrd_staff,res.company Spv Hrd Staff,base.model_res_company,universal.group_universal_spv_hrd_staff,1,0,0,0
access_product_category_spv_hrd_staff,product.category Spv Hrd Staff,product.model_product_category,universal.group_universal_spv_hrd_staff,1,0,0,0
access_universal_applicant_interview_spv_hrd_staff,universal.applicant.interview Spv Hrd Staff,universal.model_universal_applicant_interview,universal.group_universal_spv_hrd_staff,1,1,1,1
access_res_partner_bank_spv_hrd_staff,res.partner.bank Spv Hrd Staff,base.model_res_partner_bank,universal.group_universal_spv_hrd_staff,1,0,0,0
access_hr_holidays_spv_hrd_staff,hr.holidays Spv Hrd Staff,hr_holidays.model_hr_holidays,universal.group_universal_spv_hrd_staff,1,1,1,1
access_hr_contract_spv_hrd_staff,hr.contract Spv Hrd Staff,hr_contract.model_hr_contract,universal.group_universal_spv_hrd_staff,1,1,1,1
access_hr_recruitment_stage_spv_hrd_staff,hr.recruitment.stage Spv Hrd Staff,hr_recruitment.model_hr_recruitment_stage,universal.group_universal_spv_hrd_staff,1,1,1,0
access_hr_warning_letter_spv_hrd_staff,hr.warning.letter Spv Hrd Staff,hr_termination.model_hr_warning_letter,universal.group_universal_spv_hrd_staff,1,1,1,0
access_chjs_region_staff_adm_drv_2,chjs.region Staff Adm Drv 2,chjs_region.model_chjs_region,universal.group_universal_staff_adm_drv_2,1,0,0,0
access_hr_employee_health_staff_adm_drv_2,hr.employee.health Staff Adm Drv 2,hr_employee_health.model_hr_employee_health,universal.group_universal_staff_adm_drv_2,1,1,1,1
access_hr_holidays_status_staff_adm_drv_2,hr.holidays.status Staff Adm Drv 2,hr_holidays.model_hr_holidays_status,universal.group_universal_staff_adm_drv_2,1,0,0,0
access_res_partner_staff_adm_drv_2,res.partner Staff Adm Drv 2,base.model_res_partner,universal.group_universal_staff_adm_drv_2,1,0,0,0
access_resource_calendar_staff_adm_drv_2,resource.calendar Staff Adm Drv 2,resource.model_resource_calendar,universal.group_universal_staff_adm_drv_2,1,0,0,0
access_hr_attendance_staff_adm_drv_2,hr.attendance Staff Adm Drv 2,hr_attendance.model_hr_attendance,universal.group_universal_staff_adm_drv_2,0,0,0,0
access_res_country_staff_adm_drv_2,res.country Staff Adm Drv 2,base.model_res_country,universal.group_universal_staff_adm_drv_2,1,0,0,0
access_hr_employee_termination_log_staff_adm_drv_2,hr.employee.termination.log Staff Adm Drv 2,hr_termination.model_hr_employee_termination_log,universal.group_universal_staff_adm_drv_2,1,1,1,1
access_mail_thread_staff_adm_drv_2,mail.thread Staff Adm Drv 2,mail.model_mail_thread,universal.group_universal_staff_adm_drv_2,0,0,1,0
access_res_company_staff_adm_drv_2,res.company Staff Adm Drv 2,base.model_res_company,universal.group_universal_staff_adm_drv_2,1,0,0,0
access_resource_resource_staff_adm_drv_2,resource.resource Staff Adm Drv 2,resource.model_resource_resource,universal.group_universal_staff_adm_drv_2,1,1,1,0
access_hr_job_staff_adm_drv_2,hr.job Staff Adm Drv 2,hr.model_hr_job,universal.group_universal_staff_adm_drv_2,1,0,0,0
access_hr_employee_family_staff_adm_drv_2,hr.employee.family Staff Adm Drv 2,hr_employee_family.model_hr_employee_family,universal.group_universal_staff_adm_drv_2,1,1,1,1
access_hr_employee_staff_adm_drv_2,hr.employee Staff Adm Drv 2,hr.model_hr_employee,universal.group_universal_staff_adm_drv_2,1,1,1,0
access_hr_department_staff_adm_drv_2,hr.department Staff Adm Drv 2,hr.model_hr_department,universal.group_universal_staff_adm_drv_2,1,0,0,0
access_universal_verbal_warning_staff_adm_drv_2,universal.verbal.warning Staff Adm Drv 2,universal.model_universal_verbal_warning,universal.group_universal_staff_adm_drv_2,1,1,1,1
access_hr_payslip_staff_adm_drv_2,hr.payslip Staff Adm Drv 2,hr_payroll.model_hr_payslip,universal.group_universal_staff_adm_drv_2,1,1,1,1
access_res_partner_bank_staff_adm_drv_2,res.partner.bank Staff Adm Drv 2,base.model_res_partner_bank,universal.group_universal_staff_adm_drv_2,1,0,0,0
access_res_users_staff_adm_drv_2,res.users Staff Adm Drv 2,base.model_res_users,universal.group_universal_staff_adm_drv_2,1,0,0,0
access_hr_holidays_staff_adm_drv_2,hr.holidays Staff Adm Drv 2,hr_holidays.model_hr_holidays,universal.group_universal_staff_adm_drv_2,0,0,0,0
access_hr_contract_staff_adm_drv_2,hr.contract Staff Adm Drv 2,hr_contract.model_hr_contract,universal.group_universal_staff_adm_drv_2,1,1,1,1
access_hr_warning_letter_staff_adm_drv_2,hr.warning.letter Staff Adm Drv 2,hr_termination.model_hr_warning_letter,universal.group_universal_staff_adm_drv_2,1,0,0,0
access_hr_customer_contract_staff_marketing,hr.customer.contract Staff Marketing,universal.model_hr_customer_contract,universal.group_universal_staff_marketing,1,1,1,0
access_res_partner_staff_marketing,res.partner Staff Marketing,base.model_res_partner,universal.group_universal_staff_marketing,1,0,0,0
access_survey_user_input_spv_hrd_driver,survey.user_input Spv Hrd Driver,survey.model_survey_user_input,universal.group_universal_spv_hrd_driver,1,0,1,0
access_hr_employee_health_spv_hrd_driver,hr.employee.health Spv Hrd Driver,hr_employee_health.model_hr_employee_health,universal.group_universal_spv_hrd_driver,1,1,1,1
access_hr_holidays_status_spv_hrd_driver,hr.holidays.status Spv Hrd Driver,hr_holidays.model_hr_holidays_status,universal.group_universal_spv_hrd_driver,1,0,0,0
access_hr_recruitment_requirement_test_spv_hrd_driver,hr.recruitment.requirement.test Spv Hrd Driver,hr_recruitment_requirement.model_hr_recruitment_requirement_test,universal.group_universal_spv_hrd_driver,1,1,1,1
access_chjs_region_spv_hrd_driver,chjs.region Spv Hrd Driver,chjs_region.model_chjs_region,universal.group_universal_spv_hrd_driver,1,1,1,0
access_hr_overtime_spv_hrd_driver,hr.overtime Spv Hrd Driver,hr_overtime.model_hr_overtime,universal.group_universal_spv_hrd_driver,1,1,1,0
access_hr_applicant_document_spv_hrd_driver,hr.applicant.document Spv Hrd Driver,hr_recruitment_requirement.model_hr_applicant_document,universal.group_universal_spv_hrd_driver,1,1,1,1
access_hr_recruitment_requirement_document_spv_hrd_driver,hr.recruitment.requirement.document Spv Hrd Driver,hr_recruitment_requirement.model_hr_recruitment_requirement_document,universal.group_universal_spv_hrd_driver,1,1,1,1
access_resource_calendar_spv_hrd_driver,resource.calendar Spv Hrd Driver,resource.model_resource_calendar,universal.group_universal_spv_hrd_driver,1,1,1,0
access_hr_recruitment_source_spv_hrd_driver,hr.recruitment.source Spv Hrd Driver,hr_recruitment.model_hr_recruitment_source,universal.group_universal_spv_hrd_driver,1,1,1,0
access_res_country_spv_hrd_driver,res.country Spv Hrd Driver,base.model_res_country,universal.group_universal_spv_hrd_driver,1,0,0,0
access_mail_thread_spv_hrd_driver,mail.thread Spv Hrd Driver,mail.model_mail_thread,universal.group_universal_spv_hrd_driver,0,0,1,1
access_mail_compose_message_spv_hrd_driver,mail.compose.message Spv Hrd Driver,mail.model_mail_compose_message,universal.group_universal_spv_hrd_driver,0,0,0,0
access_hr_warning_type_spv_hrd_driver,hr.warning.type Spv Hrd Driver,hr_termination.model_hr_warning_type,universal.group_universal_spv_hrd_driver,1,0,0,0
access_hr_applicant_spv_hrd_driver,hr.applicant Spv Hrd Driver,hr_recruitment.model_hr_applicant,universal.group_universal_spv_hrd_driver,1,1,1,0
access_res_partner_spv_hrd_driver,res.partner Spv Hrd Driver,base.model_res_partner,universal.group_universal_spv_hrd_driver,1,0,0,0
access_hr_recruitment_requirement_spv_hrd_driver,hr.recruitment.requirement Spv Hrd Driver,hr_recruitment_requirement.model_hr_recruitment_requirement,universal.group_universal_spv_hrd_driver,1,1,1,0
access_hr_applicant_test_spv_hrd_driver,hr.applicant.test Spv Hrd Driver,hr_recruitment_requirement.model_hr_applicant_test,universal.group_universal_spv_hrd_driver,1,1,1,0
access_resource_calendar_leaves_spv_hrd_driver,resource.calendar.leaves Spv Hrd Driver,resource.model_resource_calendar_leaves,universal.group_universal_spv_hrd_driver,1,1,1,1
access_hr_employee_spv_hrd_driver,hr.employee Spv Hrd Driver,hr.model_hr_employee,universal.group_universal_spv_hrd_driver,1,1,1,1
access_product_supplierinfo_spv_hrd_driver,product.supplierinfo Spv Hrd Driver,product.model_product_supplierinfo,universal.group_universal_spv_hrd_driver,1,1,1,1
access_hr_recruitment_period_spv_hrd_driver,hr.recruitment.period Spv Hrd Driver,hr_recruitment_period.model_hr_recruitment_period,universal.group_universal_spv_hrd_driver,1,1,1,0
access_hr_payslip_spv_hrd_driver,hr.payslip Spv Hrd Driver,hr_payroll.model_hr_payslip,universal.group_universal_spv_hrd_driver,1,1,1,1
access_ir_attachment_spv_hrd_driver,ir.attachment Spv Hrd Driver,base.model_ir_attachment,universal.group_universal_spv_hrd_driver,1,1,1,1
access_calendar_event_spv_hrd_driver,calendar.event Spv Hrd Driver,calendar.model_calendar_event,universal.group_universal_spv_hrd_driver,1,0,0,0
access_hr_customer_contract_spv_hrd_driver,hr.customer.contract Spv Hrd Driver,universal.model_hr_customer_contract,universal.group_universal_spv_hrd_driver,1,0,0,0
access_product_attribute_line_spv_hrd_driver,product.attribute.line Spv Hrd Driver,product.model_product_attribute_line,universal.group_universal_spv_hrd_driver,1,1,1,1
access_product_product_spv_hrd_driver,product.product Spv Hrd Driver,product.model_product_product,universal.group_universal_spv_hrd_driver,1,1,1,0
access_hr_employee_category_spv_hrd_driver,hr.employee.category Spv Hrd Driver,hr.model_hr_employee_category,universal.group_universal_spv_hrd_driver,1,1,1,0
access_hr_recruitment_degree_spv_hrd_driver,hr.recruitment.degree Spv Hrd Driver,hr_recruitment.model_hr_recruitment_degree,universal.group_universal_spv_hrd_driver,1,1,1,0
access_resource_calendar_attendance_spv_hrd_driver,resource.calendar.attendance Spv Hrd Driver,resource.model_resource_calendar_attendance,universal.group_universal_spv_hrd_driver,1,1,1,1
access_product_packaging_spv_hrd_driver,product.packaging Spv Hrd Driver,product.model_product_packaging,universal.group_universal_spv_hrd_driver,1,1,1,1
access_res_users_spv_hrd_driver,res.users Spv Hrd Driver,base.model_res_users,universal.group_universal_spv_hrd_driver,1,0,0,0
access_document_approval_log_spv_hrd_driver,document.approval.log Spv Hrd Driver,document_approval.model_document_approval_log,universal.group_universal_spv_hrd_driver,1,1,1,1
access_mail_alias_spv_hrd_driver,mail.alias Spv Hrd Driver,mail.model_mail_alias,universal.group_universal_spv_hrd_driver,1,1,0,0
access_product_pricelist_spv_hrd_driver,product.pricelist Spv Hrd Driver,product.model_product_pricelist,universal.group_universal_spv_hrd_driver,1,0,0,0
access_product_price_history_spv_hrd_driver,product.price.history Spv Hrd Driver,product.model_product_price_history,universal.group_universal_spv_hrd_driver,0,0,1,0
access_universal_special_permit_spv_hrd_driver,universal.special.permit Spv Hrd Driver,universal.model_universal_special_permit,universal.group_universal_spv_hrd_driver,1,1,1,0
access_hr_attendance_spv_hrd_driver,hr.attendance Spv Hrd Driver,hr_attendance.model_hr_attendance,universal.group_universal_spv_hrd_driver,0,0,0,1
access_survey_survey_spv_hrd_driver,survey.survey Spv Hrd Driver,survey.model_survey_survey,universal.group_universal_spv_hrd_driver,1,0,0,0
access_product_template_spv_hrd_driver,product.template Spv Hrd Driver,product.model_product_template,universal.group_universal_spv_hrd_driver,1,0,0,0
access_product_uom_spv_hrd_driver,product.uom Spv Hrd Driver,product.model_product_uom,universal.group_universal_spv_hrd_driver,1,0,0,0
access_resource_resource_spv_hrd_driver,resource.resource Spv Hrd Driver,resource.model_resource_resource,universal.group_universal_spv_hrd_driver,1,1,1,1
access_hr_job_spv_hrd_driver,hr.job Spv Hrd Driver,hr.model_hr_job,universal.group_universal_spv_hrd_driver,1,1,1,0
access_hr_employee_family_spv_hrd_driver,hr.employee.family Spv Hrd Driver,hr_employee_family.model_hr_employee_family,universal.group_universal_spv_hrd_driver,1,1,1,1
access_ir_model_spv_hrd_driver,ir.model Spv Hrd Driver,base.model_ir_model,universal.group_universal_spv_hrd_driver,1,0,0,0
access_hr_employee_termination_log_spv_hrd_driver,hr.employee.termination.log Spv Hrd Driver,hr_termination.model_hr_employee_termination_log,universal.group_universal_spv_hrd_driver,1,1,1,1
access_hr_department_spv_hrd_driver,hr.department Spv Hrd Driver,hr.model_hr_department,universal.group_universal_spv_hrd_driver,1,1,1,0
access_universal_verbal_warning_spv_hrd_driver,universal.verbal.warning Spv Hrd Driver,universal.model_universal_verbal_warning,universal.group_universal_spv_hrd_driver,1,1,1,1
access_hr_contract_type_spv_hrd_driver,hr.contract.type Spv Hrd Driver,hr_contract.model_hr_contract_type,universal.group_universal_spv_hrd_driver,1,1,1,0
access_hr_payroll_structure_spv_hrd_driver,hr.payroll.structure Spv Hrd Driver,hr_payroll.model_hr_payroll_structure,universal.group_universal_spv_hrd_driver,1,0,0,0
access_res_company_spv_hrd_driver,res.company Spv Hrd Driver,base.model_res_company,universal.group_universal_spv_hrd_driver,1,0,0,0
access_product_category_spv_hrd_driver,product.category Spv Hrd Driver,product.model_product_category,universal.group_universal_spv_hrd_driver,1,0,0,0
access_universal_applicant_interview_spv_hrd_driver,universal.applicant.interview Spv Hrd Driver,universal.model_universal_applicant_interview,universal.group_universal_spv_hrd_driver,1,1,1,1
access_res_partner_bank_spv_hrd_driver,res.partner.bank Spv Hrd Driver,base.model_res_partner_bank,universal.group_universal_spv_hrd_driver,1,0,0,0
access_hr_holidays_spv_hrd_driver,hr.holidays Spv Hrd Driver,hr_holidays.model_hr_holidays,universal.group_universal_spv_hrd_driver,1,1,1,1
access_hr_contract_spv_hrd_driver,hr.contract Spv Hrd Driver,hr_contract.model_hr_contract,universal.group_universal_spv_hrd_driver,1,1,1,1
access_hr_recruitment_stage_spv_hrd_driver,hr.recruitment.stage Spv Hrd Driver,hr_recruitment.model_hr_recruitment_stage,universal.group_universal_spv_hrd_driver,1,1,1,0
access_hr_warning_letter_spv_hrd_driver,hr.warning.letter Spv Hrd Driver,hr_termination.model_hr_warning_letter,universal.group_universal_spv_hrd_driver,1,1,1,0
access_hr_recruitment_period_launcher,hr.recruitment.period Launcher,hr_recruitment_period.model_hr_recruitment_period,universal.group_universal_launcher,1,1,1,0
access_chjs_region_staff_opr_driv,chjs.region staff_opr_driv,chjs_region.model_chjs_region,universal.group_universal_staff_opr_driv,1,0,0,0
access_hr_overtime_staff_opr_driv,hr.overtime staff_opr_driv,hr_overtime.model_hr_overtime,universal.group_universal_staff_opr_driv,1,0,0,0
access_foms_contract_order_hours_staff_opr_driv,foms.contract.order.hours staff_opr_driv,universal.model_foms_contract_order_hours,universal.group_universal_staff_opr_driv,1,0,0,0
access_res_partner_staff_opr_driv,res.partner staff_opr_driv,base.model_res_partner,universal.group_universal_staff_opr_driv,1,0,0,0
access_fleet_vehicle_model_staff_opr_driv,fleet.vehicle.model staff_opr_driv,fleet.model_fleet_vehicle_model,universal.group_universal_staff_opr_driv,1,0,0,0
access_foms_contract_order_based_fee_staff_opr_driv,foms.contract.order.based.fee staff_opr_driv,universal.model_foms_contract_order_based_fee,universal.group_universal_staff_opr_driv,1,0,0,0
access_foms_contract_staff_opr_driv,foms.contract staff_opr_driv,universal.model_foms_contract,universal.group_universal_staff_opr_driv,1,1,0,0
access_foms_contract_fleet_planning_memory_staff_opr_driv,foms.contract.fleet.planning.memory staff_opr_driv,universal.model_foms_contract_fleet_planning_memory,universal.group_universal_staff_opr_driv,1,0,1,0
access_foms_contract_shuttle_schedule_staff_opr_driv,foms.contract.shuttle.schedule staff_opr_driv,universal.model_foms_contract_shuttle_schedule,universal.group_universal_staff_opr_driv,1,0,0,0
access_fleet_vehicle_staff_opr_driv,fleet.vehicle staff_opr_driv,fleet.model_fleet_vehicle,universal.group_universal_staff_opr_driv,1,0,0,0
access_resource_calendar_staff_opr_driv,resource.calendar staff_opr_driv,resource.model_resource_calendar,universal.group_universal_staff_opr_driv,1,0,0,0
access_foms_contract_fleet_type_staff_opr_driv,foms.contract.fleet.type staff_opr_driv,universal.model_foms_contract_fleet_type,universal.group_universal_staff_opr_driv,1,0,0,0
access_foms_contract_alloc_unit_staff_opr_driv,foms.contract.alloc.unit staff_opr_driv,universal.model_foms_contract_alloc_unit,universal.group_universal_staff_opr_driv,1,0,0,0
access_foms_contract_fleet_fee_staff_opr_driv,foms.contract.fleet.fee staff_opr_driv,universal.model_foms_contract_fleet_fee,universal.group_universal_staff_opr_driv,1,0,0,0
access_foms_contract_fleet_staff_opr_driv,foms.contract.fleet staff_opr_driv,universal.model_foms_contract_fleet,universal.group_universal_staff_opr_driv,1,1,1,1
access_foms_contract_vehicle_balance_usage_staff_opr_driv,foms.contract.vehicle.balance.usage staff_opr_driv,universal.model_foms_contract_vehicle_balance_usage,universal.group_universal_staff_opr_driv,1,0,0,0
access_foms_contract_fleet_planning_line_memory_staff_opr_driv,foms.contract.fleet.planning.line.memory staff_opr_driv,universal.model_foms_contract_fleet_planning_line_memory,universal.group_universal_staff_opr_driv,1,1,1,0
access_hr_payroll_structure_staff_opr_driv,hr.payroll.structure staff_opr_driv,universal.model_hr_payroll_structure,universal.group_universal_staff_opr_driv,1,0,0,0
access_resource_calendar_company_holiday_spv_hrd_staff,resource.calendar.company.holiday spv_hrd_staff,universal.model_resource_calendar_company_holiday,universal.group_universal_spv_hrd_staff,1,1,1,0
access_resource_calendar_spv_hrd_staff,resource.calendar spv_hrd_staff,resource.model_resource_calendar,universal.group_universal_spv_hrd_staff,0,1,0,0
access_chjs_region_staff_marketing,chjs.region staff_marketing,chjs_region.model_chjs_region,universal.group_universal_staff_marketing,1,1,1,0
access_hr_overtime_staff_marketing,hr.overtime staff_marketing,hr_overtime.model_hr_overtime,universal.group_universal_staff_marketing,1,1,1,0
access_res_partner_alloc_unit_staff_marketing,res.partner.alloc.unit staff_marketing,universal.model_res_partner_alloc_unit,universal.group_universal_staff_marketing,1,1,1,1
access_res_partner_location_staff_marketing,res.partner.location staff_marketing,universal.model_res_partner_location,universal.group_universal_staff_marketing,1,1,1,1
access_res_partner_staff_marketing,res.partner staff_marketing,base.model_res_partner,universal.group_universal_staff_marketing,1,1,1,0
access_account_analytic_account_staff_marketing,account.analytic.account staff_marketing,analytic.model_account_analytic_account,universal.group_universal_staff_marketing,1,0,0,0
access_fleet_vehicle_model_staff_marketing,fleet.vehicle.model staff_marketing,fleet.model_fleet_vehicle_model,universal.group_universal_staff_marketing,1,0,0,0
access_foms_contract_order_based_fee_staff_marketing,foms.contract.order.based.fee staff_marketing,universal.model_foms_contract_order_based_fee,universal.group_universal_staff_marketing,1,1,1,1
access_res_partner_route_staff_marketing,res.partner.route staff_marketing,universal.model_res_partner_route,universal.group_universal_staff_marketing,1,1,1,1
access_foms_contract_order_hours_staff_marketing,foms.contract.order.hours staff_marketing,universal.model_foms_contract_order_hours,universal.group_universal_staff_marketing,1,1,1,1
access_product_pricelist_staff_marketing,product.pricelist staff_marketing,product.model_product_pricelist,universal.group_universal_staff_marketing,1,0,0,0
access_account_invoice_staff_marketing,account.invoice staff_marketing,account.model_account_invoice,universal.group_universal_staff_marketing,1,0,0,0
access_account_fiscal_position_staff_marketing,account.fiscal.position staff_marketing,account.model_account_fiscal_position,universal.group_universal_staff_marketing,1,0,0,0
access_resource_calendar_staff_marketing,resource.calendar staff_marketing,resource.model_resource_calendar,universal.group_universal_staff_marketing,1,1,1,0
access_res_country_state_staff_marketing,res.country.state staff_marketing,base.model_res_country_state,universal.group_universal_staff_marketing,1,0,0,0
access_res_country_staff_marketing,res.country staff_marketing,base.model_res_country,universal.group_universal_staff_marketing,1,0,0,0
access_res_partner_gapok_fee_staff_marketing,res.partner.gapok.fee staff_marketing,universal.model_res_partner_gapok_fee,universal.group_universal_staff_marketing,1,1,1,1
access_resource_calendar_attendance_staff_marketing,resource.calendar.attendance staff_marketing,resource.model_resource_calendar_attendance,universal.group_universal_staff_marketing,1,1,1,1
access_res_company_staff_marketing,res.company staff_marketing,base.model_res_company,universal.group_universal_staff_marketing,1,1,1,1
access_foms_contract_fleet_type_staff_marketing,foms.contract.fleet.type staff_marketing,universal.model_foms_contract_fleet_type,universal.group_universal_staff_marketing,1,1,1,1
access_foms_order_staff_marketing,foms.order staff_marketing,universal.model_foms_order,universal.group_universal_staff_marketing,1,1,0,0
access_hr_payroll_structure_staff_marketing,hr.payroll.structure staff_marketing,universal.model_hr_payroll_structure,universal.group_universal_staff_marketing,1,0,0,0
access_foms_contract_shuttle_schedule_staff_marketing,foms.contract.shuttle.schedule staff_marketing,universal.model_foms_contract_shuttle_schedule,universal.group_universal_staff_marketing,1,1,1,1
access_account_payment_term_staff_marketing,account.payment.term staff_marketing,account.model_account_payment_term,universal.group_universal_staff_marketing,1,0,0,0
access_res_partner_order_based_fee_staff_marketing,res.partner.order.based.fee staff_marketing,universal.model_res_partner_order_based_fee,universal.group_universal_staff_marketing,1,1,1,1
access_res_partner_title_staff_marketing,res.partner.title staff_marketing,base.model_res_partner_title,universal.group_universal_staff_marketing,1,0,0,0
access_foms_contract_staff_marketing,foms.contract staff_marketing,universal.model_foms_contract,universal.group_universal_staff_marketing,1,1,1,0
access_res_partner_order_hours_staff_marketing,res.partner.order.hours staff_marketing,universal.model_res_partner_order_hours,universal.group_universal_staff_marketing,1,1,1,1
access_account_account_staff_marketing,account.account staff_marketing,account.model_account_account,universal.group_universal_staff_marketing,1,0,0,0
access_foms_contract_vehicle_balance_usage_staff_marketing,foms.contract.vehicle.balance.usage staff_marketing,universal.model_foms_contract_vehicle_balance_usage,universal.group_universal_staff_marketing,1,1,1,1
access_resource_calendar_company_holiday_staff_marketing,resource.calendar.company.holiday staff_marketing,universal.model_resource_calendar_company_holiday,universal.group_universal_staff_marketing,1,0,0,0
access_res_partner_rent_fee_staff_marketing,res.partner.rent.fee staff_marketing,universal.model_res_partner_rent_fee,universal.group_universal_staff_marketing,1,1,1,1
access_foms_contract_alloc_unit_staff_marketing,foms.contract.alloc.unit staff_marketing,universal.model_foms_contract_alloc_unit,universal.group_universal_staff_marketing,1,1,1,1
access_foms_contract_fleet_fee_staff_marketing,foms.contract.fleet.fee staff_marketing,universal.model_foms_contract_fleet_fee,universal.group_universal_staff_marketing,1,1,1,1
access_res_users_staff_marketing,res.users staff_marketing,base.model_res_users,universal.group_universal_staff_marketing,1,1,1,1
access_foms_contract_fleet_staff_marketing,foms.contract.fleet staff_marketing,universal.model_foms_contract_fleet,universal.group_universal_staff_marketing,1,1,1,1
access_res_partner_bank_staff_marketing,res.partner.bank staff_marketing,base.model_res_partner_bank,universal.group_universal_staff_marketing,1,1,1,1
access_resource_calendar_leaves_staff_marketing,resource.calendar.leaves staff_marketing,resource.model_resource_calendar_leaves,universal.group_universal_staff_marketing,1,1,1,1
access_foms_contract_quota_staff_marketing,foms.contract.quota staff_marketing,universal.model_foms_contract_quota,universal.group_universal_staff_marketing,1,1,1,0
access_foms_contract_quota_change_log_staff_marketing,foms.contract.quota.change.log staff_marketing,universal.model_foms_contract_quota_change_log,universal.group_universal_staff_marketing,1,1,1,0
access_chjs_region_staff_opr_kend,chjs.region staff_opr_kend,chjs_region.model_chjs_region,universal.group_universal_staff_opr_kend,1,0,0,0
access_foms_contract_fleet_planning_memory_staff_opr_kend,foms.contract.fleet.planning.memory staff_opr_kend,universal.model_foms_contract_fleet_planning_memory,universal.group_universal_staff_opr_kend,1,0,1,0
access_fleet_vehicle_model_brand_staff_opr_kend,fleet.vehicle.model.brand staff_opr_kend,fleet.model_fleet_vehicle_model_brand,universal.group_universal_staff_opr_kend,1,1,1,0
access_fleet_vehicle_log_contract_staff_opr_kend,fleet.vehicle.log.contract staff_opr_kend,fleet.model_fleet_vehicle_log_contract,universal.group_universal_staff_opr_kend,1,1,1,1
access_res_partner_staff_opr_kend,res.partner staff_opr_kend,base.model_res_partner,universal.group_universal_staff_opr_kend,1,0,0,0
access_foms_contract_shuttle_schedule_line_memory_staff_opr_kend,foms.contract.shuttle.schedule.line.memory staff_opr_kend,universal.model_foms_contract_shuttle_schedule_line_memory,universal.group_universal_staff_opr_kend,1,1,1,1
access_fleet_vehicle_model_staff_opr_kend,fleet.vehicle.model staff_opr_kend,fleet.model_fleet_vehicle_model,universal.group_universal_staff_opr_kend,1,1,1,0
access_foms_contract_order_based_fee_staff_opr_kend,foms.contract.order.based.fee staff_opr_kend,universal.model_foms_contract_order_based_fee,universal.group_universal_staff_opr_kend,1,1,1,1
access_res_partner_route_staff_opr_kend,res.partner.route staff_opr_kend,universal.model_res_partner_route,universal.group_universal_staff_opr_kend,1,0,0,0
access_fleet_vehicle_staff_opr_kend,fleet.vehicle staff_opr_kend,fleet.model_fleet_vehicle,universal.group_universal_staff_opr_kend,1,1,1,0
access_hr_overtime_staff_opr_kend,hr.overtime staff_opr_kend,hr_overtime.model_hr_overtime,universal.group_universal_staff_opr_kend,1,0,0,0
access_foms_contract_shuttle_schedule_memory_staff_opr_kend,foms.contract.shuttle.schedule.memory staff_opr_kend,universal.model_foms_contract_shuttle_schedule_memory,universal.group_universal_staff_opr_kend,1,0,1,0
access_resource_calendar_staff_opr_kend,resource.calendar staff_opr_kend,resource.model_resource_calendar,universal.group_universal_staff_opr_kend,1,0,0,0
access_foms_contract_fleet_type_staff_opr_kend,foms.contract.fleet.type staff_opr_kend,universal.model_foms_contract_fleet_type,universal.group_universal_staff_opr_kend,1,1,1,1
access_fleet_vehicle_state_change_log_staff_opr_kend,fleet.vehicle.state.change.log staff_opr_kend,universal.model_fleet_vehicle_state_change_log,universal.group_universal_staff_opr_kend,1,1,1,1
access_foms_contract_fleet_planning_line_memory_staff_opr_kend,foms.contract.fleet.planning.line.memory staff_opr_kend,universal.model_foms_contract_fleet_planning_line_memory,universal.group_universal_staff_opr_kend,1,1,1,0
access_fleet_vehicle_state_staff_opr_kend,fleet.vehicle.state staff_opr_kend,fleet.model_fleet_vehicle_state,universal.group_universal_staff_opr_kend,1,0,0,0
access_fleet_vehicle_log_services_staff_opr_kend,fleet.vehicle.log.services staff_opr_kend,fleet.model_fleet_vehicle_log_services,universal.group_universal_staff_opr_kend,1,1,1,1
access_foms_contract_alloc_unit_staff_opr_kend,foms.contract.alloc.unit staff_opr_kend,universal.model_foms_contract_alloc_unit,universal.group_universal_staff_opr_kend,1,1,1,1
access_foms_contract_shuttle_schedule_staff_opr_kend,foms.contract.shuttle.schedule staff_opr_kend,universal.model_foms_contract_shuttle_schedule,universal.group_universal_staff_opr_kend,1,1,1,1
access_foms_contract_staff_opr_kend,foms.contract staff_opr_kend,universal.model_foms_contract,universal.group_universal_staff_opr_kend,1,1,0,0
access_foms_contract_order_hours_staff_opr_kend,foms.contract.order.hours staff_opr_kend,universal.model_foms_contract_order_hours,universal.group_universal_staff_opr_kend,1,1,1,1
access_foms_contract_vehicle_balance_usage_staff_opr_kend,foms.contract.vehicle.balance.usage staff_opr_kend,universal.model_foms_contract_vehicle_balance_usage,universal.group_universal_staff_opr_kend,1,1,1,1
access_fleet_vehicle_log_fuel_staff_opr_kend,fleet.vehicle.log.fuel staff_opr_kend,fleet.model_fleet_vehicle_log_fuel,universal.group_universal_staff_opr_kend,1,1,1,1
access_res_company_staff_opr_kend,res.company staff_opr_kend,base.model_res_company,universal.group_universal_staff_opr_kend,1,0,0,0
access_foms_contract_fleet_fee_staff_opr_kend,foms.contract.fleet.fee staff_opr_kend,universal.model_foms_contract_fleet_fee,universal.group_universal_staff_opr_kend,1,1,1,1
access_foms_contract_fleet_staff_opr_kend,foms.contract.fleet staff_opr_kend,universal.model_foms_contract_fleet,universal.group_universal_staff_opr_kend,1,1,1,1
access_res_partner_location_staff_opr_kend,res.partner.location staff_opr_kend,universal.model_res_partner_location,universal.group_universal_staff_opr_kend,1,0,0,0
access_hr_payroll_structure_staff_opr_kend,hr.payroll.structure staff_opr_kend,universal.model_hr_payroll_structure,universal.group_universal_staff_opr_kend,1,0,0,0
access_account_move_admin_finance,account.move admin_finance,account.model_account_move,universal.group_universal_admin_finance,1,0,0,0
access_res_currency_admin_finance,res.currency admin_finance,base.model_res_currency,universal.group_universal_admin_finance,1,0,0,0
access_hr_expense_expense_admin_finance,hr.expense.expense admin_finance,hr_expense.model_hr_expense_expense,universal.group_universal_admin_finance,1,1,1,0
access_foms_contract_admin_finance,foms.contract admin_finance,universal.model_foms_contract,universal.group_universal_admin_finance,1,0,0,0
access_hr_employee_admin_finance,hr.employee admin_finance,hr.model_hr_employee,universal.group_universal_admin_finance,1,0,0,0
access_hr_department_admin_finance,hr.department admin_finance,hr.model_hr_department,universal.group_universal_admin_finance,1,0,0,0
access_hr_expense_line_admin_finance,hr.expense.line admin_finance,hr_expense.model_hr_expense_line,universal.group_universal_admin_finance,1,1,1,1
access_res_company_admin_finance,res.company admin_finance,base.model_res_company,universal.group_universal_admin_finance,1,0,0,0
access_res_users_admin_finance,res.users admin_finance,base.model_res_users,universal.group_universal_admin_finance,1,0,0,0
access_account_journal_admin_finance,account.journal admin_finance,account.model_account_journal,universal.group_universal_admin_finance,1,0,0,0
access_foms_order_admin_finance,foms.order admin_finance,universal.model_foms_order,universal.group_universal_admin_finance,1,0,0,0
access_chjs_region_dispatcher,chjs.region dispatcher,chjs_region.model_chjs_region,universal.group_universal_dispatcher,1,0,0,0
access_foms_contract_fleet_planning_memory_dispatcher,foms.contract.fleet.planning.memory dispatcher,universal.model_foms_contract_fleet_planning_memory,universal.group_universal_dispatcher,1,0,1,0
access_foms_contract_order_hours_dispatcher,foms.contract.order.hours dispatcher,universal.model_foms_contract_order_hours,universal.group_universal_dispatcher,1,1,1,1
access_foms_order_dispatcher,foms.order dispatcher,universal.model_foms_order,universal.group_universal_dispatcher,1,1,1,0
access_foms_contract_shuttle_schedule_line_memory_dispatcher,foms.contract.shuttle.schedule.line.memory dispatcher,universal.model_foms_contract_shuttle_schedule_line_memory,universal.group_universal_dispatcher,1,1,1,1
access_hr_expense_expense_dispatcher,hr.expense.expense dispatcher,hr_expense.model_hr_expense_expense,universal.group_universal_dispatcher,1,0,0,0
access_foms_contract_order_based_fee_dispatcher,foms.contract.order.based.fee dispatcher,universal.model_foms_contract_order_based_fee,universal.group_universal_dispatcher,1,1,1,1
access_res_partner_route_dispatcher,res.partner.route dispatcher,universal.model_res_partner_route,universal.group_universal_dispatcher,1,0,0,0
access_fleet_vehicle_dispatcher,fleet.vehicle dispatcher,fleet.model_fleet_vehicle,universal.group_universal_dispatcher,1,0,0,0
access_hr_overtime_dispatcher,hr.overtime dispatcher,hr_overtime.model_hr_overtime,universal.group_universal_dispatcher,1,0,0,0
access_foms_order_cancel_reason_dispatcher,foms.order.cancel.reason dispatcher,universal.model_foms_order_cancel_reason,universal.group_universal_dispatcher,1,1,1,0
access_foms_order_passenger_dispatcher,foms.order.passenger dispatcher,universal.model_foms_order_passenger,universal.group_universal_dispatcher,1,1,1,1
access_foms_contract_shuttle_schedule_memory_dispatcher,foms.contract.shuttle.schedule.memory dispatcher,universal.model_foms_contract_shuttle_schedule_memory,universal.group_universal_dispatcher,1,0,1,0
access_resource_calendar_dispatcher,resource.calendar dispatcher,resource.model_resource_calendar,universal.group_universal_dispatcher,1,0,0,0
access_foms_contract_fleet_type_dispatcher,foms.contract.fleet.type dispatcher,universal.model_foms_contract_fleet_type,universal.group_universal_dispatcher,1,1,1,1
access_res_partner_dispatcher,res.partner dispatcher,base.model_res_partner,universal.group_universal_dispatcher,1,0,0,0
access_res_users_dispatcher,res.users dispatcher,base.model_res_users,universal.group_universal_dispatcher,1,0,0,0
access_hr_department_dispatcher,hr.department dispatcher,hr.model_hr_department,universal.group_universal_dispatcher,1,0,0,0
access_foms_contract_fleet_planning_line_memory_dispatcher,foms.contract.fleet.planning.line.memory dispatcher,universal.model_foms_contract_fleet_planning_line_memory,universal.group_universal_dispatcher,1,1,1,0
access_foms_order_area_dispatcher,foms.order.area dispatcher,universal.model_foms_order_area,universal.group_universal_dispatcher,1,1,1,0
access_account_move_dispatcher,account.move dispatcher,account.model_account_move,universal.group_universal_dispatcher,1,0,0,0
access_foms_contract_fleet_dispatcher,foms.contract.fleet dispatcher,universal.model_foms_contract_fleet,universal.group_universal_dispatcher,1,1,1,1
access_res_currency_dispatcher,res.currency dispatcher,base.model_res_currency,universal.group_universal_dispatcher,1,0,0,0
access_foms_contract_shuttle_schedule_dispatcher,foms.contract.shuttle.schedule dispatcher,universal.model_foms_contract_shuttle_schedule,universal.group_universal_dispatcher,1,1,1,1
access_foms_contract_dispatcher,foms.contract dispatcher,universal.model_foms_contract,universal.group_universal_dispatcher,1,1,0,0
access_hr_employee_dispatcher,hr.employee dispatcher,hr.model_hr_employee,universal.group_universal_dispatcher,1,0,0,0
access_foms_contract_vehicle_balance_usage_dispatcher,foms.contract.vehicle.balance.usage dispatcher,universal.model_foms_contract_vehicle_balance_usage,universal.group_universal_dispatcher,1,1,1,1
access_res_company_dispatcher,res.company dispatcher,base.model_res_company,universal.group_universal_dispatcher,1,0,0,0
access_fleet_vehicle_model_dispatcher,fleet.vehicle.model dispatcher,fleet.model_fleet_vehicle_model,universal.group_universal_dispatcher,1,0,0,0
access_hr_expense_line_dispatcher,hr.expense.line dispatcher,hr_expense.model_hr_expense_line,universal.group_universal_dispatcher,1,0,0,0
access_hr_payroll_structure_dispatcher,hr.payroll.structure dispatcher,universal.model_hr_payroll_structure,universal.group_universal_dispatcher,1,0,0,0
access_foms_contract_alloc_unit_dispatcher,foms.contract.alloc.unit dispatcher,universal.model_foms_contract_alloc_unit,universal.group_universal_dispatcher,1,1,1,1
access_foms_contract_quota_usage_log_dispatcher,foms.contract.quota.usage.log dispatcher,universal.model_foms_contract_quota_usage_log,universal.group_universal_dispatcher,1,0,1,1
access_foms_contract_fleet_fee_dispatcher,foms.contract.fleet.fee dispatcher,universal.model_foms_contract_fleet_fee,universal.group_universal_dispatcher,1,1,1,1
access_account_journal_dispatcher,account.journal dispatcher,account.model_account_journal,universal.group_universal_dispatcher,1,0,0,0
access_foms_order_area_delay_dispatcher,foms.order.area.delay dispatcher,universal.model_foms_order_area_delay,universal.group_universal_dispatcher,1,1,1,0
access_res_partner_location_dispatcher,res.partner.location dispatcher,universal.model_res_partner_location,universal.group_universal_dispatcher,1,0,0,0
access_foms_contract_quota_dispatcher,foms.contract.quota dispatcher,universal.model_foms_contract_quota,universal.group_universal_dispatcher,1,0,0,0
access_chjs_region_admin_fleet,chjs.region admin_fleet,chjs_region.model_chjs_region,universal.group_universal_admin_fleet,1,1,1,0
access_foms_order_admin_fleet,foms.order admin_fleet,universal.model_foms_order,universal.group_universal_admin_fleet,1,1,0,0
access_res_company_admin_fleet,res.company admin_fleet,base.model_res_company,universal.group_universal_admin_fleet,1,0,0,0
access_resource_calendar_leaves_admin_fleet,resource.calendar.leaves admin_fleet,resource.model_resource_calendar_leaves,universal.group_universal_admin_fleet,1,1,1,1
access_resource_calendar_attendance_admin_fleet,resource.calendar.attendance admin_fleet,resource.model_resource_calendar_attendance,universal.group_universal_admin_fleet,1,1,1,1
access_resource_calendar_company_holiday_admin_fleet,resource.calendar.company.holiday admin_fleet,universal.model_resource_calendar_company_holiday,universal.group_universal_admin_fleet,1,0,0,0
access_resource_calendar_admin_fleet,resource.calendar admin_fleet,resource.model_resource_calendar,universal.group_universal_admin_fleet,1,1,1,0
access_res_country_admin_fleet,res.country admin_fleet,base.model_res_country,universal.group_universal_admin_fleet,1,0,0,0
access_foms_contract_alloc_unit_admin_fleet,foms.contract.alloc.unit admin_fleet,universal.model_foms_contract_alloc_unit,universal.group_universal_admin_fleet,1,1,0,0
access_res_users_admin_fleet,res.users admin_fleet,base.model_res_users,universal.group_universal_admin_fleet,1,0,0,0
access_foms_contract_admin_fleet,foms.contract admin_fleet,universal.model_foms_contract,universal.group_universal_admin_fleet,1,0,0,0
access_foms_contract_quota_admin_fleet,foms.contract.quota admin_fleet,universal.model_foms_contract_quota,universal.group_universal_admin_fleet,1,1,0,0
access_foms_contract_quota_change_log_admin_fleet,foms.contract.quota.change.log admin_fleet,universal.model_foms_contract_quota_change_log,universal.group_universal_admin_fleet,1,1,1,0
access_chjs_webservice_sync_bridge_all,chjs.webservice.sync.bridge all,chjs_webservice_sync.model_chjs_webservice_sync_bridge,,1,1,1,1
access_res_users_all,res.users all,base.model_res_users,,1,0,0,0
access_hr_employee_all,hr.employee all,hr.model_hr_employee,,1,0,0,0
access_foms_order_area_all,foms.order.area all,universal.model_foms_order_area,,1,0,0,0
access_resource_calendar_spv_hrd_staff,resource.calendar spv_hrd_staff,resource.model_resource_calendar,universal.group_universal_spv_hrd_staff,1,1,1,0
access_res_partner_gapok_fee_all,res.partner.gapok.fee all,universal.model_res_partner_gapok_fee,,1,0,0,0
access_foms_contract_fleet_type_staff_opr_kend,foms.contract.fleet.type staff_opr_kend,universal.model_foms_contract_fleet_type,universal.group_universal_staff_opr_kend,1,0,0,0
access_foms_contract_fleet_type_dispatcher,foms.contract.fleet.type dispatcher,universal.model_foms_contract_fleet_type,universal.group_universal_dispatcher,1,0,0,0
access_foms_contract_order_hours_staff_opr_kend,foms.contract.order.hours staff_opr_kend,universal.model_foms_contract_order_hours,universal.group_universal_staff_opr_kend,1,0,0,0
access_foms_contract_order_hours_dispatcher,foms.contract.order.hours dispatcher,universal.model_foms_contract_order_hours,universal.group_universal_dispatcher,1,0,0,0
access_foms_contract_fleet_group_universal_passenger,foms.contract.fleet group_universal_passenger,universal.model_foms_contract_fleet,universal.group_universal_passenger,1,0,0,0
access_foms_contract_group_universal_passenger,foms.contract group_universal_passenger,universal.model_foms_contract,universal.group_universal_passenger,1,0,0,0
access_fleet_vehicle_group_universal_passenger,fleet.vehicle group_universal_passenger,universal.model_fleet_vehicle,universal.group_universal_passenger,1,0,0,0
access_foms_order_group_universal_passenger,foms.order group_universal_passenger,universal.model_foms_order,universal.group_universal_passenger,1,1,1,0
access_foms_contract_order_hours_vehicle_group_universal_passenger,foms.contract.order.hours group_universal_passenger,universal.model_foms_contract_order_hours,universal.group_universal_passenger,1,0,0,0
access_resource_calendar_group_universal_passenger,resource.calendar group_universal_passenger,universal.model_resource_calendar,universal.group_universal_passenger,1,0,0,0
access_foms_contract_shuttle_schedule_passenger,foms.contract.shuttle.schedule passenger,universal.model_foms_contract_shuttle_schedule,universal.group_universal_passenger,1,0,0,0
access_foms_contract_alloc_unit_booker,foms.contract.alloc.unit booker,universal.model_foms_contract_alloc_unit,universal.group_universal_booker,1,0,0,0
access_foms_contract_booker,foms.contract booker,universal.model_foms_contract,universal.group_universal_booker,1,0,0,0
access_foms_contract_fleet_booker,foms.contract.fleet booker,universal.model_foms_contract_fleet,universal.group_universal_booker,1,0,0,0
access_chjs_region_booker,chjs.region booker,chjs_region.model_chjs_region,universal.group_universal_booker,1,0,0,0
access_foms_contract_shuttle_schedule_booker,foms.contract.shuttle.schedule booker,universal.model_foms_contract_shuttle_schedule,universal.group_universal_booker,1,0,0,0
access_foms_contract_alloc_unit_customer_pic,foms.contract.alloc.unit customer_pic,universal.model_foms_contract_alloc_unit,universal.group_universal_customer_pic,1,0,0,0
access_foms_contract_customer_pic,foms.contract customer_pic,universal.model_foms_contract,universal.group_universal_customer_pic,1,0,0,0
access_foms_contract_fleet_customer_pic,foms.contract.fleet customer_pic,universal.model_foms_contract_fleet,universal.group_universal_customer_pic,1,0,0,0
access_foms_order_customer_pic,foms.order customer_pic,universal.model_foms_order,universal.group_universal_customer_pic,1,0,0,0
access_fleet_vehicle_group_universal_customer_pic,fleet.vehicle group_universal_customer_pic,universal.model_fleet_vehicle,universal.group_universal_customer_pic,1,0,0,0
access_foms_contract_shuttle_schedule_customer_pic,foms.contract.shuttle.schedule customer_pic,universal.model_foms_contract_shuttle_schedule,universal.group_universal_customer_pic,1,0,0,0
access_res_partner_route_customer_pic,res.partner.route customer_pic,universal.model_res_partner_route,universal.group_universal_customer_pic,1,1,1,1
access_foms_contract_quota_change_log_customer_pic,foms.contract.quota.change.log customer_pic,universal.model_foms_contract_quota_change_log,universal.group_universal_customer_pic,1,1,1,0
access_foms_contract_quota_customer_pic,foms.contract.quota customer_pic,universal.model_foms_contract_quota,universal.group_universal_customer_pic,1,1,1,0
access_foms_order_booker,foms.order booker,universal.model_foms_order,universal.group_universal_booker,1,1,1,1
access_foms_order_booker,foms.order.passenger booker,universal.model_foms_order_passenger,universal.group_universal_booker,1,1,1,1
access_foms_order_passenger,foms.order.passenger passenger,universal.model_foms_order_passenger,universal.group_universal_passenger,1,1,1,1
access_foms_contract_alloc_unit_passenger,foms.contract.alloc.unit passenger,universal.model_foms_contract_alloc_unit,universal.group_universal_passenger,1,0,0,0
access_chjs_region_passenger,chjs.region passenger,chjs_region.model_chjs_region,universal.group_universal_passenger,1,0,0,0
